{"step": [200, 400, 600, 800, 1000, 1200, 1400, 1600, 1800, 2000, 2200, 2400, 2600, 2800, 3000, 3200, 3400, 3600, 3800, 4000, 4200, 4400, 4600, 4800, 5000, 5200, 5400, 5600, 5800, 6000, 6200, 6400, 6600, 6800, 7000, 7200, 7400, 7600, 7800, 8000, 8200, 8400, 8600, 8800, 9000, 9200, 9400, 9600, 9800, 10000, 10200, 10400, 10600, 10800, 11000, 11200, 11400, 11600, 11800, 12000, 12200, 12400, 12600, 12800, 13000, 13200, 13400, 13600, 13800, 14000, 14200, 14400, 14600, 14800, 15000, 15200, 15400, 15600, 15800, 16000, 16200, 16400, 16600, 16800, 17000, 17200, 17400, 17600, 17800, 18000, 18200, 18400, 18600, 18800, 19000, 19200, 19400, 19600, 19800, 20000], "loss": [0.4628820732235909, 0.3162374196201563, 0.22545458287000655, 0.18131164215505124, 0.1540464111790061, 0.13696716342121362, 0.12560915160924196, 0.12099558163434267, 0.11139702625572681, 0.1047226306796074, 0.09895879585295915, 0.09725309897214174, 0.09225032836198807, 0.09012094993144273, 0.0906962363049388, 0.08795217799022793, 0.08381497405469418, 0.08277439132332802, 0.08059088369831442, 0.08064996164292097, 0.08203911170363426, 0.0780170208401978, 0.07522141089662909, 0.0740006047859788, 0.07411162881180644, 0.07561875132843852, 0.0730398429185152, 0.07280166996642948, 0.07007032798603177, 0.06843142626807093, 0.06834708789363503, 0.06618735870346427, 0.06748983236029744, 0.06567626655101776, 0.06656126793473958, 0.06642320308834314, 0.06375489115715027, 0.06251617221161723, 0.06076329356059432, 0.06135717088356614, 0.05957858573645353, 0.06163702636957168, 0.06100896397605538, 0.058838117960840465, 0.05898119641467929, 0.057197763584554195, 0.056515555381774905, 0.057161027677357194, 0.05732015956193209, 0.0564295507594943, 0.05515065118670463, 0.055182319078594444, 0.054966021329164505, 0.05363395616412163, 0.05401621298864484, 0.05428148090839386, 0.052487383857369424, 0.0518611578643322, 0.05139955621212721, 0.052400635406374935, 0.049521104414016005, 0.051205711513757704, 0.04940852172672749, 0.04890282626263797, 0.0484093370474875, 0.04909204792231321, 0.04958814042620361, 0.049301489954814315, 0.047991448258981106, 0.04738536609336734, 0.04753395549952984, 0.04757081596180797, 0.04632420036010444, 0.047088570054620506, 0.047004990419372915, 0.04545958039350808, 0.04517997338436544, 0.045351277990266683, 0.04508266172371805, 0.0461337670404464, 0.043769095400348304, 0.04500275021418929, 0.04473963622003794, 0.04333653590641916, 0.042481726491823794, 0.043104171622544526, 0.043288402082398536, 0.044582257820293306, 0.04319981770589948, 0.04219240235164762, 0.04343811333179474, 0.04368263346143067, 0.0433747271168977, 0.04261437667533755, 0.0425818598177284, 0.042522154292091725, 0.043567661391571165, 0.04364901530556381, 0.04380032429471612, 0.043701856909319756]}