{"step": [200, 400, 600, 800, 1000, 1200, 1400, 1600, 1800, 2000, 2200, 2400, 2600, 2800, 3000, 3200, 3400, 3600, 3800, 4000, 4200, 4400, 4600, 4800, 5000, 5200, 5400, 5600, 5800, 6000, 6200, 6400, 6600, 6800, 7000, 7200, 7400, 7600, 7800, 8000, 8200, 8400, 8600, 8800, 9000, 9200, 9400, 9600, 9800, 10000, 10200, 10400, 10600, 10800, 11000, 11200, 11400, 11600, 11800, 12000, 12200, 12400, 12600, 12800, 13000, 13200, 13400, 13600, 13800, 14000, 14200, 14400, 14600, 14800, 15000, 15200, 15400, 15600, 15800, 16000, 16200, 16400, 16600, 16800, 17000, 17200, 17400, 17600, 17800, 18000, 18200, 18400, 18600, 18800, 19000, 19200, 19400, 19600, 19800, 20000], "loss": [0.46584391459822655, 0.3035704021155834, 0.19851060345768928, 0.15692768532782794, 0.13617461413145066, 0.12304477989673615, 0.11392935909330845, 0.10711692057549954, 0.09986434068530797, 0.09829973667860031, 0.09210501588881016, 0.08836283527314663, 0.08784496545791626, 0.08272268436849117, 0.08180223947390913, 0.07935957461595536, 0.07946012064814567, 0.07382712112739682, 0.07478314759209752, 0.07287348562851548, 0.07014690674841403, 0.06920617833733558, 0.07061972208321095, 0.066765645314008, 0.06540597949177027, 0.06265154149383306, 0.0644803179986775, 0.06227641260251403, 0.05927728246897459, 0.05992829540744424, 0.060718699246644976, 0.059637031853199005, 0.0573170162551105, 0.058792865704745054, 0.05513708265498281, 0.05574015935882926, 0.054228047244250774, 0.054383883345872165, 0.05348968019708991, 0.05257636090740561, 0.0505746796913445, 0.05140435883775354, 0.05097888907417655, 0.05085957428440452, 0.05008049353957176, 0.04853243326768279, 0.04759729217737913, 0.048466624598950146, 0.0470929691568017, 0.047105168560519814, 0.04871689008548856, 0.045171808656305074, 0.04511159462854266, 0.04584262768737972, 0.044780945843085646, 0.04386142835021019, 0.04279127214103937, 0.04457191176712513, 0.04334084455855191, 0.04246816762723029, 0.04142177288420498, 0.04135841322131455, 0.04167049816809595, 0.04106969734653831, 0.03994778712280095, 0.04001628404483199, 0.03922986106947064, 0.039420125652104614, 0.038490317137911914, 0.03882128966040909, 0.03836648896336556, 0.03792101899161935, 0.03933935785666108, 0.037845875564962626, 0.037900550933554766, 0.038238536790013315, 0.036581133846193555, 0.03570256367325783, 0.0367779741063714, 0.03634174943901598, 0.03596181596629321, 0.036119206370785834, 0.03507449985481799, 0.03622598891146481, 0.03616541125811636, 0.03535363309085369, 0.03636036633513868, 0.034021408800035714, 0.03527092563919723, 0.03572415470145643, 0.035476142354309556, 0.03559750682674348, 0.03465185448527336, 0.03427543926984072, 0.03496232860721648, 0.03329181655310094, 0.03424578753300011, 0.035006443588063124, 0.03474715984426439, 0.03450199398212135]}