{"step": [200, 400, 600, 800, 1000, 1200, 1400, 1600, 1800, 2000, 2200, 2400, 2600, 2800, 3000, 3200, 3400, 3600, 3800, 4000, 4200, 4400, 4600, 4800, 5000, 5200, 5400, 5600, 5800, 6000, 6200, 6400, 6600, 6800, 7000, 7200, 7400, 7600, 7800, 8000, 8200, 8400, 8600, 8800, 9000, 9200, 9400, 9600, 9800, 10000, 10200, 10400, 10600, 10800, 11000, 11200, 11400, 11600, 11800, 12000, 12200, 12400, 12600, 12800, 13000, 13200, 13400, 13600, 13800, 14000, 14200, 14400, 14600, 14800, 15000, 15200, 15400, 15600, 15800, 16000, 16200, 16400, 16600, 16800, 17000, 17200, 17400, 17600, 17800, 18000, 18200, 18400, 18600, 18800, 19000, 19200, 19400, 19600, 19800, 20000], "loss": [0.45941266119480134, 0.32351600416004656, 0.25077758111059667, 0.19325790017843247, 0.1539013360440731, 0.13457024812698365, 0.12392428915947676, 0.11663310877978801, 0.113579885289073, 0.10747557565569878, 0.10245181236416101, 0.09769406225532293, 0.09733557365834714, 0.09480815809220075, 0.09124497447162866, 0.08972043674439192, 0.08564318362623453, 0.08593642519786954, 0.08295521387830376, 0.0828722913749516, 0.08189287886023522, 0.07993560606613755, 0.07818336844444275, 0.07688873868435621, 0.07543626707047224, 0.0766159299761057, 0.07412352023646235, 0.07316467670723796, 0.07088954534381628, 0.0721976450830698, 0.07065076524391771, 0.0677906788699329, 0.07097387379035354, 0.0684571349620819, 0.06901925060898066, 0.06688333123922348, 0.06583083055913448, 0.06701552478596567, 0.06443267976865172, 0.0645031513646245, 0.0627061059512198, 0.06292655125260353, 0.06164699625223875, 0.061772319804877046, 0.06036389462649822, 0.06061658702790737, 0.059095539562404154, 0.05796005349606276, 0.05809232909232378, 0.05918421428650618, 0.05936757907271385, 0.05835861688479781, 0.05615134488791227, 0.05634330512955785, 0.056382792107760905, 0.05546013301238418, 0.054768605828285216, 0.054549919124692675, 0.054153138268738986, 0.05509213842451573, 0.052401792760938405, 0.05163966624066234, 0.05297372803092003, 0.053984397929161786, 0.05210470418445766, 0.05088941339403391, 0.0523375104367733, 0.05050559539347887, 0.04989482814446092, 0.050847924500703814, 0.05022430008277297, 0.05015031585469842, 0.049542785324156284, 0.049301821114495395, 0.04734002265147865, 0.04936686450615525, 0.04936542032286525, 0.04834874328225851, 0.04789208471775055, 0.047076372168958186, 0.047293701469898225, 0.04739237390458584, 0.04729057475924492, 0.0470540627464652, 0.047409816151484846, 0.04775387546047569, 0.04563331304118037, 0.04602071522735059, 0.04521508824080229, 0.04599128071218729, 0.04565589416772127, 0.046295140394940974, 0.04534785246476531, 0.04586814256384969, 0.04616404473781586, 0.04591575155965984, 0.045514916079118846, 0.04465471124276519, 0.04520327152684331, 0.04580490784719586]}