{"step": [200, 400, 600, 800, 1000, 1200, 1400, 1600, 1800, 2000, 2200, 2400, 2600, 2800, 3000, 3200, 3400, 3600, 3800, 4000, 4200, 4400, 4600, 4800, 5000, 5200, 5400, 5600, 5800, 6000, 6200, 6400, 6600, 6800, 7000, 7200, 7400, 7600, 7800, 8000, 8200, 8400, 8600, 8800, 9000, 9200, 9400, 9600, 9800, 10000, 10200, 10400, 10600, 10800, 11000, 11200, 11400, 11600, 11800, 12000, 12200, 12400, 12600, 12800, 13000, 13200, 13400, 13600, 13800, 14000, 14200, 14400, 14600, 14800, 15000, 15200, 15400, 15600, 15800, 16000, 16200, 16400, 16600, 16800, 17000, 17200, 17400, 17600, 17800, 18000, 18200, 18400, 18600, 18800, 19000, 19200, 19400, 19600, 19800, 20000], "loss": [0.4846134214103222, 0.3332425946742296, 0.22105404309928417, 0.15965835683047772, 0.13165916185826063, 0.11588842831552029, 0.11182430118322373, 0.10328791163861752, 0.09865692887455225, 0.09308826349675656, 0.08952365785837174, 0.08755841217935086, 0.08223143637180329, 0.08051784068346024, 0.07831517463549971, 0.075194611530751, 0.07315987205132841, 0.07356146389618516, 0.07244640765711666, 0.06936419427394867, 0.0671955986879766, 0.06744868997484446, 0.06543376818299293, 0.06312274519354105, 0.0635005097091198, 0.0605165109410882, 0.06141521379351616, 0.058797669541090725, 0.06096605846658349, 0.0577425279468298, 0.0573235722258687, 0.05630801759660244, 0.05767729472368956, 0.05611984008923173, 0.05270514504984021, 0.05315343389287591, 0.053659688737243416, 0.05291442085057497, 0.05182420521974564, 0.05102790417149663, 0.051735992301255466, 0.049549605315551165, 0.04989915490150452, 0.049054687079042196, 0.0476268420368433, 0.04577577121555805, 0.04782404655590653, 0.047016313709318636, 0.045661996994167564, 0.04541138637810946, 0.044933199286460876, 0.0460571869276464, 0.04429391766898334, 0.0436546341329813, 0.04322051173076034, 0.04289677199907601, 0.042701798975467685, 0.04264647797681391, 0.041658120658248664, 0.04029287604615092, 0.04032533839344978, 0.04131026361137628, 0.04103710724040866, 0.040026468569412825, 0.039291796907782554, 0.03827948480844498, 0.03829582080245018, 0.037745520425960424, 0.038139906860888, 0.03853602778166532, 0.037543057715520266, 0.036972426911816, 0.036125696869567035, 0.0359189738612622, 0.036903443168848755, 0.03574073760770261, 0.036404913011938336, 0.03551595089957118, 0.03394954173825681, 0.035376283200457694, 0.03549237050116062, 0.035441745892167094, 0.03493170364759862, 0.03618576154112816, 0.03420187692157924, 0.034600883992388844, 0.03390528550371528, 0.034513942301273345, 0.03346843112260103, 0.033936747843399645, 0.033131078416481614, 0.033626088201999665, 0.034084781184792516, 0.033196765715256336, 0.033684777915477755, 0.03368322500959039, 0.03417539061047137, 0.03377535393461585, 0.032569149266928436, 0.033801180347800254]}