{"step": [200, 400, 600, 800, 1000, 1200, 1400, 1600, 1800, 2000, 2200, 2400, 2600, 2800, 3000, 3200, 3400, 3600, 3800, 4000, 4200, 4400, 4600, 4800, 5000, 5200, 5400, 5600, 5800, 6000, 6200, 6400, 6600, 6800, 7000, 7200, 7400, 7600, 7800, 8000, 8200, 8400, 8600, 8800, 9000, 9200, 9400, 9600, 9800, 10000, 10200, 10400, 10600, 10800, 11000, 11200, 11400, 11600, 11800, 12000, 12200, 12400, 12600, 12800, 13000, 13200, 13400, 13600, 13800, 14000, 14200, 14400, 14600, 14800, 15000, 15200, 15400, 15600, 15800, 16000, 16200, 16400, 16600, 16800, 17000, 17200, 17400, 17600, 17800, 18000, 18200, 18400, 18600, 18800, 19000, 19200, 19400, 19600, 19800, 20000], "loss": [0.3373343439400196, 0.1846532302349806, 0.13903777062892914, 0.12094279684126377, 0.10421263355761766, 0.0943342024832964, 0.08492344172671437, 0.0776866907067597, 0.07640852924436331, 0.07150341963395476, 0.06699583701789379, 0.06337034912779928, 0.061766622811555864, 0.06172705378383398, 0.05913569401949644, 0.05483406890183687, 0.05430479533970356, 0.053401671592146156, 0.049789150264114145, 0.05047748537734151, 0.05047792427241802, 0.04691990552470088, 0.045071884617209436, 0.045205185115337373, 0.042956153955310585, 0.04196565957739949, 0.04225904947146773, 0.04120322884991765, 0.039927145577967164, 0.03916623761877418, 0.039703241065144536, 0.038932478437200185, 0.03738192211836577, 0.03750504733994603, 0.03601477599702776, 0.036842893306165934, 0.03801525785587728, 0.03425571056082845, 0.03281625578179956, 0.03290899038314819, 0.03179165534675121, 0.03245541171170771, 0.032126981699839234, 0.031210945593193172, 0.030109902722761036, 0.02929597022011876, 0.030657274769619106, 0.029361115079373123, 0.02907297674566507, 0.028383555449545385, 0.02809745877981186, 0.02745584590360522, 0.027304246695712207, 0.026845294144004585, 0.026700161043554545, 0.026413110690191387, 0.025554494773969053, 0.025997842336073516, 0.025477688116952776, 0.02535926348529756, 0.024265062408521772, 0.023752375086769462, 0.023312205243855716, 0.02343094702810049, 0.0232204033061862, 0.022953839972615242, 0.023188600903376936, 0.022752997251227498, 0.022142817471176385, 0.022170896669849754, 0.021959073068574073, 0.021564184399321677, 0.021695232465863228, 0.021475977916270494, 0.02130887526087463, 0.020897544836625457, 0.02112992910668254, 0.02059960843063891, 0.020638966811820866, 0.02017454380169511, 0.02067809920758009, 0.02007897663861513, 0.02043644618242979, 0.01983830220066011, 0.019540258813649417, 0.020124490302987397, 0.020030183922499417, 0.019848442552611232, 0.019865969447419047, 0.019391291327774524, 0.019268336715176703, 0.01922549777198583, 0.019391597765497863, 0.019246042403392494, 0.019082501232624054, 0.019367080708034338, 0.019056926015764475, 0.01911830180324614, 0.019330260111019015, 0.019015670460648833]}