{"step": [200, 400, 600, 800, 1000, 1200, 1400, 1600, 1800, 2000, 2200, 2400, 2600, 2800, 3000, 3200, 3400, 3600, 3800, 4000, 4200, 4400, 4600, 4800, 5000, 5200, 5400, 5600, 5800, 6000, 6200, 6400, 6600, 6800, 7000, 7200, 7400, 7600, 7800, 8000, 8200, 8400, 8600, 8800, 9000, 9200, 9400, 9600, 9800, 10000, 10200, 10400, 10600, 10800, 11000, 11200, 11400, 11600, 11800, 12000, 12200, 12400, 12600, 12800, 13000, 13200, 13400, 13600, 13800, 14000, 14200, 14400, 14600, 14800, 15000, 15200, 15400, 15600, 15800, 16000, 16200, 16400, 16600, 16800, 17000, 17200, 17400, 17600, 17800, 18000, 18200, 18400, 18600, 18800, 19000, 19200, 19400, 19600, 19800, 20000], "loss": [0.5776967571675777, 0.39439672902226447, 0.31252918228507043, 0.22418816305696965, 0.1807904149964452, 0.1605922795832157, 0.14512579429894687, 0.13508916676044463, 0.13272988714277745, 0.12657751105725765, 0.11774712860584259, 0.11689740050584078, 0.11302457824349403, 0.1109458727762103, 0.1089488809555769, 0.10449403535574675, 0.10136734414845705, 0.10145174391567707, 0.09915495289489627, 0.10017591079697014, 0.09493425080552698, 0.09229337956756353, 0.09469356093555689, 0.0943454009667039, 0.08963885063305498, 0.0900164208933711, 0.08893393840640783, 0.08452430125325919, 0.08558449482545256, 0.08571586767211556, 0.08638527147471904, 0.08318928580731154, 0.08366028608754278, 0.08227433569729328, 0.07978233404457569, 0.0783779245056212, 0.07904175518080592, 0.0789504367671907, 0.07651386220008134, 0.07551285760477185, 0.07474520545452833, 0.0757374531775713, 0.07507591038942336, 0.07645266393199562, 0.07329824505373836, 0.07040114248171449, 0.07064353339374066, 0.06936116941273213, 0.06914425363764166, 0.0699601847678423, 0.06924301734194159, 0.06700999123975634, 0.06718044860288501, 0.06780268320813775, 0.06672061642631888, 0.06459126150235533, 0.06539803441613913, 0.0655896233394742, 0.06275212541222572, 0.06376615503802896, 0.061358269564807416, 0.0655492171831429, 0.062183682490140196, 0.061793124061077835, 0.06032411465421319, 0.06053062302991748, 0.061448304150253534, 0.05892241885885596, 0.05978178119286895, 0.059439421147108075, 0.05710918942466378, 0.058041820004582405, 0.0576388924382627, 0.05686899732798338, 0.05602961083874106, 0.05568407913669944, 0.054435016438364986, 0.05660392453894019, 0.055015650056302545, 0.054547162484377625, 0.05582050019875169, 0.05533026387915015, 0.05344974534586072, 0.05467088616453111, 0.05307635439559817, 0.054745594887062904, 0.055608441801741716, 0.053333006724715235, 0.05383007834665477, 0.05503551417961717, 0.05308623223565519, 0.053345594312995674, 0.05300261696800589, 0.050739513244479895, 0.05272135648876428, 0.05340428498573601, 0.053212502356618646, 0.0537229510769248, 0.0535589206404984, 0.05356353837996721]}