{"step": [200, 400, 600, 800, 1000, 1200, 1400, 1600, 1800, 2000, 2200, 2400, 2600, 2800, 3000, 3200, 3400, 3600, 3800, 4000, 4200, 4400, 4600, 4800, 5000, 5200, 5400, 5600, 5800, 6000, 6200, 6400, 6600, 6800, 7000, 7200, 7400, 7600, 7800, 8000], "loss": [0.5522198807448149, 0.4313091893494129, 0.3519491592794657, 0.3149267775565386, 0.2088962038233876, 0.1584401237592101, 0.13864000260829926, 0.1263723798841238, 0.11906504865735769, 0.11131028212606907, 0.10750249937176705, 0.10472866762429475, 0.09855472736060619, 0.0984041547216475, 0.09440072197467089, 0.09279311122372746, 0.08684632813557983, 0.08700616668909789, 0.08558971147984266, 0.08208062928169965, 0.08078871943056583, 0.0819298946671188, 0.07375831922516227, 0.07422240413725376, 0.07227014360949396, 0.06861696822568775, 0.06640170114114881, 0.06735769825056195, 0.06507626732811332, 0.06408658476546407, 0.06274107905104756, 0.06151397446170449, 0.06117517305538058, 0.05834594240412116, 0.05863075422123074, 0.05711596442386508, 0.057740193270146845, 0.056661809720098974, 0.05596469603478908, 0.055538107752799985]}