{"step": [200, 400, 600, 800, 1000, 1200, 1400, 1600, 1800, 2000, 2200, 2400, 2600, 2800, 3000, 3200, 3400, 3600, 3800, 4000, 4200, 4400, 4600, 4800, 5000, 5200, 5400, 5600, 5800, 6000, 6200, 6400, 6600, 6800, 7000, 7200, 7400, 7600, 7800, 8000, 8200, 8400, 8600, 8800, 9000, 9200, 9400, 9600, 9800, 10000, 10200, 10400, 10600, 10800, 11000, 11200, 11400, 11600, 11800, 12000, 12200, 12400, 12600, 12800, 13000, 13200, 13400, 13600, 13800, 14000, 14200, 14400, 14600, 14800, 15000, 15200, 15400, 15600, 15800, 16000], "loss": [0.6559841498732567, 0.5387416642904281, 0.5044026689231396, 0.4626874628663063, 0.4486199960112572, 0.43812128514051435, 0.4010007208585739, 0.38408777102828023, 0.36442288644611837, 0.35248716674745084, 0.3532802824676037, 0.3453230036795139, 0.3475974525511265, 0.33452015310525895, 0.3306227897107601, 0.33443367868661883, 0.33404934272170067, 0.33506222315132617, 0.32694738544523716, 0.3351698187738657, 0.323864124417305, 0.33069511249661443, 0.3188230258971453, 0.31373085513710974, 0.32264503464102745, 0.3092736875265837, 0.31406882375478745, 0.30969601035118105, 0.32005447827279565, 0.3183086870610714, 0.3035899845510721, 0.30513198778033257, 0.30132279977202414, 0.30403266958892344, 0.3031900232285261, 0.29018064074218275, 0.30133209586143495, 0.29569674797356127, 0.29163505740463735, 0.291586339995265, 0.2864162226766348, 0.30080444321036337, 0.2843343887478113, 0.28879361353814603, 0.2907685073465109, 0.288423383384943, 0.2860328871756792, 0.2884941491484642, 0.27694577649235724, 0.27043996766209605, 0.2875082905590534, 0.27582994565367697, 0.27868711978197097, 0.263823072463274, 0.267861257866025, 0.27489998158067463, 0.2799040599912405, 0.26216599203646185, 0.2646772234514356, 0.25003656961023807, 0.26545911625027657, 0.26338621132075785, 0.2615297954529524, 0.25270055525004864, 0.26116547487676145, 0.2668255806341767, 0.2600869793444872, 0.2503760389983654, 0.2584388072416186, 0.25097307708114386, 0.24894340213388205, 0.2587361453846097, 0.25528966799378394, 0.2573621511459351, 0.25357323728501796, 0.2536012780666351, 0.2514262028038502, 0.24525940928608178, 0.25870826601982116, 0.25760191433131696]}