{"step": [200, 400, 600, 800, 1000, 1200, 1400, 1600, 1800, 2000, 2200, 2400, 2600, 2800, 3000, 3200, 3400, 3600, 3800, 4000, 4200, 4400, 4600, 4800, 5000, 5200, 5400, 5600, 5800, 6000, 6200, 6400, 6600, 6800, 7000, 7200, 7400, 7600, 7800, 8000, 8200, 8400, 8600, 8800, 9000, 9200, 9400, 9600, 9800, 10000, 10200, 10400, 10600, 10800, 11000, 11200, 11400, 11600, 11800, 12000, 12200, 12400, 12600, 12800, 13000, 13200, 13400, 13600, 13800, 14000, 14200, 14400, 14600, 14800, 15000, 15200, 15400, 15600, 15800, 16000], "loss": [0.6747979180514813, 0.5400193738937378, 0.4947958222031593, 0.4525370293855667, 0.4281861747801304, 0.3966996277868748, 0.3843136505037546, 0.3702618506550789, 0.36103697717189787, 0.34994967326521875, 0.34018566988408566, 0.33497080907225607, 0.3284041565656662, 0.3294917683303356, 0.32829081639647484, 0.3342427536845207, 0.3215374545007944, 0.3138690152019262, 0.31243813201785087, 0.30555852331221106, 0.30477663546800615, 0.30750543557107446, 0.2916382284462452, 0.30458113096654416, 0.2999920311570168, 0.3043643396347761, 0.2905714390426874, 0.2955936713516712, 0.2802642995119095, 0.29208923518657687, 0.2828837649524212, 0.2832857210934162, 0.28303848586976527, 0.2782106906175613, 0.2733391962200403, 0.26767065800726414, 0.273741859421134, 0.2597819747775793, 0.25842487704008815, 0.2562366873770952, 0.24496090531349182, 0.24746288906782865, 0.23883044999092817, 0.2326127377897501, 0.2394561754539609, 0.24471521243453026, 0.23008947961032392, 0.22480096526443957, 0.23278184853494166, 0.22065525446087123, 0.2208030415326357, 0.22758105527609587, 0.21621950794011355, 0.21565233655273913, 0.20945594172924756, 0.20606806725263596, 0.2069251936301589, 0.2054131954535842, 0.21062079254537822, 0.196130137629807, 0.19648854840546848, 0.1928675873950124, 0.19533597253262996, 0.1918551806360483, 0.1879352133348584, 0.18371143240481616, 0.18123799588531256, 0.18371204156428575, 0.17928304929286243, 0.17740204818546773, 0.18462024308741093, 0.1904083027690649, 0.17462756492197515, 0.1796532528847456, 0.1782972353696823, 0.17374001160264016, 0.17316070325672628, 0.1714249713718891, 0.17612092159688472, 0.16617548163980245]}