{"step": [200, 400, 600, 800, 1000, 1200, 1400, 1600, 1800, 2000, 2200, 2400, 2600, 2800, 3000, 3200, 3400, 3600, 3800, 4000, 4200, 4400, 4600, 4800, 5000, 5200, 5400, 5600, 5800, 6000, 6200, 6400, 6600, 6800, 7000, 7200, 7400, 7600, 7800, 8000], "loss": [0.5216526673734188, 0.38669281974434855, 0.353134765997529, 0.2678166223317385, 0.22946188546717167, 0.21373826816678046, 0.20254916451871396, 0.19282485008239747, 0.1878085593879223, 0.18298853419721126, 0.17857068225741388, 0.1757654996216297, 0.17031504094600677, 0.1645410905778408, 0.16282562796026467, 0.16009895548224448, 0.15879477601498365, 0.16005461610853672, 0.15531236562877893, 0.15371706314384936, 0.15034058440476655, 0.15021858073771, 0.146450975202024, 0.14621787905693054, 0.14438200298696757, 0.14032060254365206, 0.13859991308301686, 0.13818856704980134, 0.13550526548177003, 0.1342178777977824, 0.13297971177846193, 0.13290214963257313, 0.13042206391692163, 0.13089345935732127, 0.12924324695020914, 0.12755403496325016, 0.12899385090917348, 0.12757144995033742, 0.12619295839220285, 0.12754636639729142]}