{"step": [200, 400, 600, 800, 1000, 1200, 1400, 1600, 1800, 2000, 2200, 2400, 2600, 2800, 3000, 3200, 3400, 3600, 3800, 4000, 4200, 4400, 4600, 4800, 5000, 5200, 5400, 5600, 5800, 6000, 6200, 6400, 6600, 6800, 7000, 7200, 7400, 7600, 7800, 8000], "loss": [0.61174331381917, 0.4447630210220814, 0.3281957306712866, 0.22396826818585397, 0.187232179492712, 0.17255610387772322, 0.16405420165508985, 0.1606797869130969, 0.1474443306773901, 0.14324799720197917, 0.1371912697330117, 0.13462753497064114, 0.1282921839877963, 0.1268978775292635, 0.1209401448443532, 0.1193025629967451, 0.11421062633395195, 0.10421876166015863, 0.10859306728467345, 0.10595991536974907, 0.09928362529724837, 0.10270572045817972, 0.09745219618082046, 0.09575074398890138, 0.0931022958829999, 0.09271156480535865, 0.08802723143249751, 0.08639859143644571, 0.08553679142147302, 0.08083145178854466, 0.07862844554707409, 0.07829519102349877, 0.0753180137090385, 0.07431211261078716, 0.07442935127764941, 0.07282286562025547, 0.07082182781770825, 0.069521972425282, 0.07178523428738118, 0.0722222650796175]}