{"step": [200, 400, 600, 800, 1000, 1200, 1400, 1600, 1800, 2000, 2200, 2400, 2600, 2800, 3000, 3200, 3400, 3600, 3800, 4000, 4200, 4400, 4600, 4800, 5000, 5200, 5400, 5600, 5800, 6000, 6200, 6400, 6600, 6800, 7000, 7200, 7400, 7600, 7800, 8000], "loss": [0.6467474161088467, 0.4541048553586006, 0.42682332888245583, 0.3170480436831713, 0.21821890763938426, 0.19734307669103146, 0.17669928465038537, 0.16316170379519462, 0.15520833425223826, 0.1533013630285859, 0.14080216523259878, 0.13981847181916238, 0.1324215493351221, 0.13337180357426404, 0.12619783610105514, 0.1240690965950489, 0.11977569609880448, 0.11924049373716115, 0.1142566817626357, 0.11311842806637287, 0.10905593233183027, 0.1062541970051825, 0.10502324229106307, 0.10327776508405805, 0.10296544931828976, 0.10003012981265784, 0.09557316958904266, 0.09598962439224124, 0.0931286539696157, 0.09095783993601798, 0.09089155223220587, 0.08687893390655517, 0.08808829450979828, 0.086899722982198, 0.08368822649121284, 0.08329532137140631, 0.08293256441131235, 0.08138034211471677, 0.08458794882521033, 0.08315813817083835]}